Workbook

Sheet Summary
B2: CLOSE PLAN | H2: CLOSE READINESS
H3: ='Health Score'!B3
H4: share of the 26 checklist items
B6: AMOUNT | D6: CLOSE DATE | F6: STAGE | H6: AE
B7: SE | D7: PARTNER | F7: CRM
B9: READINESS BY BUCKET
B10: Stakeholder Alignment | D10: ='Health Score'!C7 | H10: ='Health Score'!C7 | I10: =IF(H10=MIN($H$10:$H$14),"Weakest","")
B11: Technical Validation | D11: ='Health Score'!C15 | H11: ='Health Score'!C15 | I11: =IF(H11=MIN($H$10:$H$14),"Weakest","")
B12: Commercial | D12: ='Health Score'!C21 | H12: ='Health Score'!C21 | I12: =IF(H12=MIN($H$10:$H$14),"Weakest","")
B13: Competition | D13: ='Health Score'!C29 | H13: ='Health Score'!C29 | I13: =IF(H13=MIN($H$10:$H$14),"Weakest","")
B14: Timeline & Risk | D14: ='Health Score'!C34 | H14: ='Health Score'!C34 | I14: =IF(H14=MIN($H$10:$H$14),"Weakest","")
B16: TOP RISKS
B21: NEXT ACTIONS
B22: # | C22: ACTION | G22: OWNER | I22: STATUS
B23: 1
B24: 2
B25: 3
B26: 4
B27: 5
B29: KEY PEOPLE
B30: ROLE | E30: NAME | H30: ENGAGEMENT
B31: ='Stakeholder Map'!A18 | E31: ='Stakeholder Map'!B18 | H31: ='Stakeholder Map'!C18
B32: ='Stakeholder Map'!A19 | E32: ='Stakeholder Map'!B19 | H32: ='Stakeholder Map'!C19
B33: ='Stakeholder Map'!A20 | E33: ='Stakeholder Map'!B20 | H33: ='Stakeholder Map'!C20
B34: ='Stakeholder Map'!A21 | E34: ='Stakeholder Map'!B21 | H34: ='Stakeholder Map'!C21
B35: ='Stakeholder Map'!A22 | E35: ='Stakeholder Map'!B22 | H35: ='Stakeholder Map'!C22
B36: ='Stakeholder Map'!A23 | E36: ='Stakeholder Map'!B23 | H36: ='Stakeholder Map'!C23
B38: DEAL STORY
B39: Who are the primary business units using the product?
B41: How are they using the product today?
B43: What is the primary use case vs. what is the secondary use case? (use case = what problem are we solving)
B45: What is the product's impact to the customer's business? (cite specific metrics)
B48: =IF('Health Score'!A44="","",'Health Score'!A44)

Sheet Health Score
A1: Health Score
A3: Overall | B3: =AVERAGE(C7,C15,C21,C29,C34)
A5: Every item scored "No", "In Progress" or "Needs Input" generates a recommended action on the Action Plan tab. Each item is worth an equal share of its bucket: Yes = 100%, In Progress = 50%, No and Needs Input = 0%. Overall = the five bucket scores weighted equally. Change a status from the dropdown and every score, including the Summary, recalculates.
A7: STAKEHOLDER ALIGNMENT | C7: =(COUNTIF(A8:A13,"Yes")+0.5*COUNTIF(A8:A13,"In Progress"))/COUNTA($B$8:$B$13)
B8: Champion identified and confirmed (has influence + is actively selling internally)
B9: Economic buyer identified and engaged directly (not just through champion)
B10: All stakeholders/influencers mapped (security, legal, procurement, end users, IT)
B11: Decision criteria documented and agreed by buyer
B12: Decision process and approval chain confirmed (who signs, in what order)
B13: Compelling event / reason to act by target date is explicit
A15: TECHNICAL VALIDATION | C15: =(COUNTIF(A16:A19,"Yes")+0.5*COUNTIF(A16:A19,"In Progress"))/COUNTA($B$16:$B$19)
B16: Technical win confirmed (POC/trial success criteria met and documented)
B17: Security review status known (in progress / passed / not started)
B18: Integration requirements scoped and no blockers open
B19: Any outstanding product gaps or feature requests flagged to product team
A21: COMMERCIAL | C21: =(COUNTIF(A22:A27,"Yes")+0.5*COUNTIF(A22:A27,"In Progress"))/COUNTA($B$22:$B$27)
B22: Budget confirmed to exist and be allocated for this fiscal period
B23: Pricing/packaging aligned with buyer's expectations
B24: Quote/order form sent and reviewed by buyer
B25: Procurement process started (vendor onboarding, security questionnaires, etc.)
B26: Legal/MSA redlines identified early, not first surfaced at the finish line
B27: Have we established enough value w/ key stakeholders to mitigate potential for discounting?
A29: COMPETITION | C29: =(COUNTIF(A30:A32,"Yes")+0.5*COUNTIF(A30:A32,"In Progress"))/COUNTA($B$30:$B$32)
B30: Competitive landscape known (incumbent, alternatives being evaluated)
B31: Differentiation validated with champion, they can repeat it internally
B32: No unaddressed objections tied to a competitor's pitch
A34: TIMELINE & RISK | C34: =(COUNTIF(A35:A41,"Yes")+0.5*COUNTIF(A35:A41,"In Progress"))/COUNTA($B$35:$B$41)
B35: Mutual close plan shared with buyer, with dates both sides agreed to
B36: Next step scheduled with a specific date (not "follow up next week")
B37: Key risk(s) to close named explicitly, e.g. budget freeze, exec turnover, competing priority
B38: Backup plan if primary champion goes dark or leaves
B39: Do we have a clear migration or onboarding plan?
B40: Do we have an onboarding owner identified?
B41: Forecast category matches actual deal signals (don't call it Commit if 3+ boxes above are unchecked)
A43: COVERAGE AND EVIDENCE LIMITS

Sheet Action Plan
A1: Action Plan
A2: One row per Health Score item that is not a Yes. Filter by owner or status.
A3: Bucket | B3: Gap (from Health Score) | C3: Recommended Action | D3: Owner | E3: Status | F3: Comments

Sheet Stakeholder Map
A1: Stakeholder Map
A3: BUYING COMMITTEE: seniority x function
A5: C-Suite
A7: Seniority | B7: Business / LOB | C7: Technical / Engineering | D7: Enablement / Ops | E7: Security | F7: IT / Platform | G7: Procurement / Legal
A8: VP
A9: Director
A10: Manager
A11: Individual Contributor
A12: Seniority not stated
A14: Key | B14: Engaged | C14: Emerging / not direct | D14: Not yet mapped
A16: KEY PERSONAS
A17: Role | B17: Name | C17: Engagement | D17: Notes / Gap
A18: Economic Buyer
A19: Champion
A20: Executive Sponsor
A21: Influencer 1 - Security / Legal
A22: Influencer 2 - Procurement
A23: Influencer 3 - End Users / IT
A25: Open question: Do we have a text relationship with any of these contacts?
